file_path,file_name,file_status
https://10.1.6.58:8443/svn/TestCenter/trunk/10testCase/spider/kernel/Spider_API/TestCase/dcim/cabinet/test_addOrUpdateCabinet.py,test_addOrUpdateCabinet.py,active
https://10.1.6.58:8443/svn/TestCenter/trunk/10testCase/spider/kernel/Spider_API/testdata/dcim/v1_dcim_energyCabinet_addOrUpdateCabinet.xlsx,v1_dcim_energyCabinet_addOrUpdateCabinet.xlsx,active
https://10.1.6.58:8443/svn/TestCenter/trunk/10testCase/spider/kernel/Spider_API/TestCase/dcim/resourcemanage/test_resourcemanage_manufacturer.py,test_resourcemanage_manufacturer.py,active
https://10.1.6.58:8443/svn/TestCenter/trunk/10testCase/spider/kernel/Spider_API/testdata/spider/v1_energyControl_getExecuteRemarkDetail.xlsx,v1_energyControl_getExecuteRemarkDetail.xlsx,active
https://10.1.6.58:8443/svn/TestCenter/trunk/10testCase/spider/kernel/Spider_API/TestCase/spider/energy/test_editExecuteRemark.py,test_editExecuteRemark.py,active
https://10.1.6.58:8443/svn/TestCenter/trunk/10testCase/spider/kernel/Spider_API/TestCase/spider/notify/test_notify_service.py,test_notify_service.py,active
https://10.1.6.58:8443/svn/TestCenter/trunk/10testCase/spider/kernel/Spider_API/TestCase/guangdong/northmanage/test_diantong.py,test_diantong.py,active
https://10.1.6.58:8443/svn/TestCenter/trunk/10testCase/spider/kernel/Spider_API/TestCase/spider/water/test_water_station_config.py,test_water_station_config.py,active
https://10.1.6.58:8443/svn/TestCenter/trunk/10testCase/spider/kernel/Spider_API/TestCase/spider/water/test_water_report.py,test_water_report.py,active
https://10.1.6.58:8443/svn/TestCenter/trunk/10testCase/spider/kernel/Spider_API/TestCase/spider/knowledge/test_emergency_eop.py,test_emergency_eop.py,active
https://10.1.6.58:8443/svn/TestCenter/trunk/10testCase/spider/kernel/Spider_API/TestCase/spider/currentmonitor/__init__.py,__init__.py,active
https://10.1.6.58:8443/svn/TestCenter/trunk/10testCase/spider/kernel/Spider_API/TestCase/spider/external/test_external_netBrain_site3and4.py,test_external_netBrain_site3and4.py,active
https://10.1.6.58:8443/svn/TestCenter/trunk/10testCase/spider/kernel/Spider_API/TestCase/spider/report/test_alert_shuchuzhongduan.py,test_alert_shuchuzhongduan.py,active
https://10.1.6.58:8443/svn/TestCenter/trunk/10testCase/spider/kernel/Spider_API/TestCase/spider/report/test_combine_report.py,test_combine_report.py,active
https://10.1.6.58:8443/svn/TestCenter/trunk/10testCase/spider/kernel/Spider_API/logical/null_logic.py,null_logic.py,active
https://10.1.6.58:8443/svn/TestCenter/trunk/10testCase/spider/kernel/Spider_API/logical/spider_common.py,spider_common.py,active
https://10.1.6.58:8443/svn/TestCenter/trunk/10testCase/spider/kernel/Spider_API/har2case/harTocasedata_provinces.py,harTocasedata_provinces.py,active
https://10.1.6.58:8443/svn/TestCenter/trunk/10testCase/spider/kernel/Spider_API/testdata/spider/v1_report_getReport41.xlsx,v1_report_getReport41.xlsx,active
https://10.1.6.58:8443/svn/TestCenter/trunk/10testCase/spider/kernel/Spider_API/TestCase/spider/report/test_report41.py,test_report41.py,active
https://10.1.6.58:8443/svn/TestCenter/trunk/10testCase/spider/kernel/Spider_API/TestCase/spider/report/__init__.py,__init__.py,active
https://10.1.6.58:8443/svn/TestCenter/trunk/10testCase/spider/kernel/Spider_API/TestCase/spider/__init__.py,__init__.py,active
https://10.1.6.58:8443/svn/TestCenter/trunk/10testCase/spider/kernel/Spider_API/TestCase/sha3nxi/report/test_report_report44_45.py,test_report_report44_45.py,active
https://10.1.6.58:8443/svn/TestCenter/trunk/10testCase/spider/kernel/Spider_API/TestCase/sha3nxi/report/test_report_realtime_report.py,test_report_realtime_report.py,active
https://10.1.6.58:8443/svn/TestCenter/trunk/10testCase/spider/kernel/Spider_API/TestCase/sha3nxi/report/test_getReport46.py,test_getReport46.py,active
https://10.1.6.58:8443/svn/TestCenter/trunk/10testCase/spider/kernel/Spider_API/TestCase/sha3nxi/report/__init__.py,__init__.py,active
https://10.1.6.58:8443/svn/TestCenter/trunk/10testCase/spider/kernel/Spider_API/TestCase/sha3nxi/northinterface/test_northinterface_interface.py,test_northinterface_interface.py,active
https://10.1.6.58:8443/svn/TestCenter/trunk/10testCase/spider/kernel/Spider_API/TestCase/sha3nxi/northinterface/__init__.py,__init__.py,active
https://10.1.6.58:8443/svn/TestCenter/trunk/10testCase/spider/kernel/Spider_API/TestCase/sha3nxi/knowledge/test_guowang.py,test_guowang.py,active
https://10.1.6.58:8443/svn/TestCenter/trunk/10testCase/spider/kernel/Spider_API/TestCase/sha3nxi/knowledge/test_getCityOilLegitimate.py,test_getCityOilLegitimate.py,active
https://10.1.6.58:8443/svn/TestCenter/trunk/10testCase/spider/kernel/Spider_API/TestCase/sha3nxi/knowledge/test_coldSourceEarlyGetDetail.py,test_coldSourceEarlyGetDetail.py,active
https://10.1.6.58:8443/svn/TestCenter/trunk/10testCase/spider/kernel/Spider_API/TestCase/sha3nxi/hiddenDanger/test_overhaulRenewalDeviceFlow.py,test_overhaulRenewalDeviceFlow.py,active
https://10.1.6.58:8443/svn/TestCenter/trunk/10testCase/spider/kernel/Spider_API/TestCase/sha3nxi/hiddenDanger/test_hiddenDanger_troubleshooting.py,test_hiddenDanger_troubleshooting.py,active
https://10.1.6.58:8443/svn/TestCenter/trunk/10testCase/spider/kernel/Spider_API/TestCase/sha3nxi/hiddenDanger/test_hiddenDanger_overhaulRenewal.py,test_hiddenDanger_overhaulRenewal.py,active
https://10.1.6.58:8443/svn/TestCenter/trunk/10testCase/spider/kernel/Spider_API/TestCase/sha3nxi/hiddenDanger/test_hiddenDanger_overdueService.py,test_hiddenDanger_overdueService.py,active
https://10.1.6.58:8443/svn/TestCenter/trunk/10testCase/spider/kernel/Spider_API/TestCase/sha3nxi/fsumanage/test_fsumanage.py,test_fsumanage.py,active
https://10.1.6.58:8443/svn/TestCenter/trunk/10testCase/spider/kernel/Spider_API/TestCase/sha3nxi/fsumanage/__init__.py,__init__.py,active
https://10.1.6.58:8443/svn/TestCenter/trunk/10testCase/spider/kernel/Spider_API/TestCase/sha3nxi/entrance/test_entranceGuard.py,test_entranceGuard.py,active
https://10.1.6.58:8443/svn/TestCenter/trunk/10testCase/spider/kernel/Spider_API/TestCase/sha3nxi/entrance/conftest.py,conftest.py,active
https://10.1.6.58:8443/svn/TestCenter/trunk/10testCase/spider/kernel/Spider_API/TestCase/sha3nxi/capacity/test_capacity_alert_message_statistics.py,test_capacity_alert_message_statistics.py,active
https://10.1.6.58:8443/svn/TestCenter/trunk/10testCase/spider/kernel/Spider_API/TestCase/sha3nxi/capacity/__init__.py,__init__.py,active
https://10.1.6.58:8443/svn/TestCenter/trunk/10testCase/spider/kernel/Spider_API/TestCase/sha3nxi/battery/test_roomPowerCutStatistic.py,test_roomPowerCutStatistic.py,active
https://10.1.6.58:8443/svn/TestCenter/trunk/10testCase/spider/kernel/Spider_API/TestCase/sha3nxi/battery/test_batteryManage_singleAnalysis.py,test_batteryManage_singleAnalysis.py,active
https://10.1.6.58:8443/svn/TestCenter/trunk/10testCase/spider/kernel/Spider_API/TestCase/sha3nxi/battery/test_batteryEndurance.py,test_batteryEndurance.py,active
https://10.1.6.58:8443/svn/TestCenter/trunk/10testCase/spider/kernel/Spider_API/TestCase/sha3nxi/ainetwork/test_intelligentMaintenance.py,test_intelligentMaintenance.py,active
https://10.1.6.58:8443/svn/TestCenter/trunk/10testCase/spider/kernel/Spider_API/TestCase/sha3nxi/ainetwork/conftest.py,conftest.py,active
https://10.1.6.58:8443/svn/TestCenter/trunk/10testCase/spider/kernel/Spider_API/TestCase/sha3nxi/ainetwork/__init__.py,__init__.py,active
https://10.1.6.58:8443/svn/TestCenter/trunk/10testCase/spider/kernel/Spider_API/TestCase/sha3nxi/acOptimize/test_acOptimize.py,test_acOptimize.py,active
https://10.1.6.58:8443/svn/TestCenter/trunk/10testCase/spider/kernel/Spider_API/TestCase/sha3nxi/acOptimize/__init__.py,__init__.py,active
https://10.1.6.58:8443/svn/TestCenter/trunk/10testCase/spider/kernel/Spider_API/TestCase/sha3nxi/__init__.py,__init__.py,active
https://10.1.6.58:8443/svn/TestCenter/trunk/10testCase/spider/kernel/Spider_API/TestCase/yunnan/resourcemanage/test_resourcemanage_operation_device_ip.py,test_resourcemanage_operation_device_ip.py,active
https://10.1.6.58:8443/svn/TestCenter/trunk/10testCase/spider/kernel/Spider_API/TestCase/spider/temperature/test_temperature_uploadTemperatureMete.py,test_temperature_uploadTemperatureMete.py,active
https://10.1.6.58:8443/svn/TestCenter/trunk/10testCase/spider/kernel/Spider_API/TestCase/spider/temperature/test_temperature_temperatureExceptionRemark.py,test_temperature_temperatureExceptionRemark.py,active
https://10.1.6.58:8443/svn/TestCenter/trunk/10testCase/spider/kernel/Spider_API/TestCase/spider/temperature/test_temperature_getUploadTemperatureMeteResult.py,test_temperature_getUploadTemperatureMeteResult.py,active
https://10.1.6.58:8443/svn/TestCenter/trunk/10testCase/spider/kernel/Spider_API/TestCase/spider/temperature/test_temperature_getTemperatureReportData.py,test_temperature_getTemperatureReportData.py,active
https://10.1.6.58:8443/svn/TestCenter/trunk/10testCase/spider/kernel/Spider_API/TestCase/spider/temperature/test_temperature_getStationType.py,test_temperature_getStationType.py,active
https://10.1.6.58:8443/svn/TestCenter/trunk/10testCase/spider/kernel/Spider_API/TestCase/spider/temperature/test_temperature_getSiteType.py,test_temperature_getSiteType.py,active
https://10.1.6.58:8443/svn/TestCenter/trunk/10testCase/spider/kernel/Spider_API/TestCase/spider/temperature/test_temperature_getDeviceTypeInfo.py,test_temperature_getDeviceTypeInfo.py,active
https://10.1.6.58:8443/svn/TestCenter/trunk/10testCase/spider/kernel/Spider_API/TestCase/spider/temperature/test_temperature_exportTemperatureMeteReport.py,test_temperature_exportTemperatureMeteReport.py,active
https://10.1.6.58:8443/svn/TestCenter/trunk/10testCase/spider/kernel/Spider_API/TestCase/spider/temperature/__init__.py,__init__.py,active
https://10.1.6.58:8443/svn/TestCenter/trunk/10testCase/spider/kernel/Spider_API/TestCase/spider/rbac/test_user_insert.py,test_user_insert.py,active
https://10.1.6.58:8443/svn/TestCenter/trunk/10testCase/spider/kernel/Spider_API/TestCase/spider/rbac/test_accountApplication.py,test_accountApplication.py,active
https://10.1.6.58:8443/svn/TestCenter/trunk/10testCase/spider/kernel/Spider_API/TestCase/spider/rbac/conftest.py,conftest.py,active
https://10.1.6.58:8443/svn/TestCenter/trunk/10testCase/spider/kernel/Spider_API/TestCase/spider/others/test_notify_service.py,test_notify_service.py,active
https://10.1.6.58:8443/svn/TestCenter/trunk/10testCase/spider/kernel/Spider_API/TestCase/spider/others/test_logManages.py,test_logManages.py,active
https://10.1.6.58:8443/svn/TestCenter/trunk/10testCase/spider/kernel/Spider_API/TestCase/spider/others/test_index_unifiedPortal.py,test_index_unifiedPortal.py,active
https://10.1.6.58:8443/svn/TestCenter/trunk/10testCase/spider/kernel/Spider_API/TestCase/spider/others/test_diantong.py,test_diantong.py,active
https://10.1.6.58:8443/svn/TestCenter/trunk/10testCase/spider/kernel/Spider_API/TestCase/spider/others/conftest.py,conftest.py,active
https://10.1.6.58:8443/svn/TestCenter/trunk/10testCase/spider/kernel/Spider_API/TestCase/spider/omc/test_comprehensiveRes_checkDeviceExist.py,test_comprehensiveRes_checkDeviceExist.py,active
https://10.1.6.58:8443/svn/TestCenter/trunk/10testCase/spider/kernel/Spider_API/TestCase/spider/knowledge/test_worker_workerStatisticsListExport.py,test_worker_workerStatisticsListExport.py,active
https://10.1.6.58:8443/svn/TestCenter/trunk/10testCase/spider/kernel/Spider_API/TestCase/spider/knowledge/test_worker_workerStatisticsList.py,test_worker_workerStatisticsList.py,active
https://10.1.6.58:8443/svn/TestCenter/trunk/10testCase/spider/kernel/Spider_API/TestCase/spider/knowledge/test_worker_workerListExport.py,test_worker_workerListExport.py,active
https://10.1.6.58:8443/svn/TestCenter/trunk/10testCase/spider/kernel/Spider_API/TestCase/spider/knowledge/test_worker_updateBatteryWorker.py,test_worker_updateBatteryWorker.py,active
https://10.1.6.58:8443/svn/TestCenter/trunk/10testCase/spider/kernel/Spider_API/TestCase/spider/knowledge/test_worker_getSystemAndDevice.py,test_worker_getSystemAndDevice.py,active
https://10.1.6.58:8443/svn/TestCenter/trunk/10testCase/spider/kernel/Spider_API/TestCase/spider/knowledge/test_worker_getNameAndTel.py,test_worker_getNameAndTel.py,active
https://10.1.6.58:8443/svn/TestCenter/trunk/10testCase/spider/kernel/Spider_API/TestCase/spider/knowledge/test_worker_getDeviceMeteTrend.py,test_worker_getDeviceMeteTrend.py,active
https://10.1.6.58:8443/svn/TestCenter/trunk/10testCase/spider/kernel/Spider_API/TestCase/spider/knowledge/test_worker_getDeviceMeteList.py,test_worker_getDeviceMeteList.py,active
https://10.1.6.58:8443/svn/TestCenter/trunk/10testCase/spider/kernel/Spider_API/TestCase/spider/knowledge/test_worker_getDeviceBySys.py,test_worker_getDeviceBySys.py,active
https://10.1.6.58:8443/svn/TestCenter/trunk/10testCase/spider/kernel/Spider_API/TestCase/spider/knowledge/test_worker_getDeviceAlert.py,test_worker_getDeviceAlert.py,active
https://10.1.6.58:8443/svn/TestCenter/trunk/10testCase/spider/kernel/Spider_API/TestCase/spider/knowledge/test_worker_getBatteryWorker.py,test_worker_getBatteryWorker.py,active
https://10.1.6.58:8443/svn/TestCenter/trunk/10testCase/spider/kernel/Spider_API/TestCase/spider/knowledge/test_worker_delBatteryWorker.py,test_worker_delBatteryWorker.py,active
https://10.1.6.58:8443/svn/TestCenter/trunk/10testCase/spider/kernel/Spider_API/TestCase/spider/knowledge/test_worker_batteryWorkerListExport.py,test_worker_batteryWorkerListExport.py,active
https://10.1.6.58:8443/svn/TestCenter/trunk/10testCase/spider/kernel/Spider_API/TestCase/spider/knowledge/test_worker_batteryWorkerList.py,test_worker_batteryWorkerList.py,active
https://10.1.6.58:8443/svn/TestCenter/trunk/10testCase/spider/kernel/Spider_API/TestCase/spider/knowledge/test_worker_batteryStatisticsWorkerListExport.py,test_worker_batteryStatisticsWorkerListExport.py,active
https://10.1.6.58:8443/svn/TestCenter/trunk/10testCase/spider/kernel/Spider_API/TestCase/spider/knowledge/test_worker_batteryStatisticsWorkerList.py,test_worker_batteryStatisticsWorkerList.py,active
https://10.1.6.58:8443/svn/TestCenter/trunk/10testCase/spider/kernel/Spider_API/TestCase/spider/knowledge/test_worker_addBatteryWorkerFile.py,test_worker_addBatteryWorkerFile.py,active
https://10.1.6.58:8443/svn/TestCenter/trunk/10testCase/spider/kernel/Spider_API/TestCase/spider/knowledge/test_worker_addBatteryWorker.py,test_worker_addBatteryWorker.py,active
https://10.1.6.58:8443/svn/TestCenter/trunk/10testCase/spider/kernel/Spider_API/TestCase/spider/knowledge/test_work_updateWorker.py,test_work_updateWorker.py,active
https://10.1.6.58:8443/svn/TestCenter/trunk/10testCase/spider/kernel/Spider_API/TestCase/spider/knowledge/test_work_getWorkerFile.py,test_work_getWorkerFile.py,active
https://10.1.6.58:8443/svn/TestCenter/trunk/10testCase/spider/kernel/Spider_API/TestCase/spider/knowledge/test_work_getWorker.py,test_work_getWorker.py,active
https://10.1.6.58:8443/svn/TestCenter/trunk/10testCase/spider/kernel/Spider_API/TestCase/spider/knowledge/test_work_getUpsSys.py,test_work_getUpsSys.py,active
https://10.1.6.58:8443/svn/TestCenter/trunk/10testCase/spider/kernel/Spider_API/TestCase/spider/knowledge/test_work_addWorkerFile.py,test_work_addWorkerFile.py,active
https://10.1.6.58:8443/svn/TestCenter/trunk/10testCase/spider/kernel/Spider_API/TestCase/spider/knowledge/test_work_addWorker.py,test_work_addWorker.py,active
https://10.1.6.58:8443/svn/TestCenter/trunk/10testCase/spider/kernel/Spider_API/TestCase/spider/knowledge/test_temperatureReport.py,test_temperatureReport.py,active
https://10.1.6.58:8443/svn/TestCenter/trunk/10testCase/spider/kernel/Spider_API/TestCase/spider/knowledge/test_siteInformation.py,test_siteInformation.py,active
https://10.1.6.58:8443/svn/TestCenter/trunk/10testCase/spider/kernel/Spider_API/TestCase/spider/knowledge/test_knowledge_room_getCheckReport.py,test_knowledge_room_getCheckReport.py,active
https://10.1.6.58:8443/svn/TestCenter/trunk/10testCase/spider/kernel/Spider_API/TestCase/spider/knowledge/test_knowledge_powerSiteInfo.py,test_knowledge_powerSiteInfo.py,active
https://10.1.6.58:8443/svn/TestCenter/trunk/10testCase/spider/kernel/Spider_API/TestCase/spider/knowledge/test_knowledge_entranceGuardAnalysis.py,test_knowledge_entranceGuardAnalysis.py,active
https://10.1.6.58:8443/svn/TestCenter/trunk/10testCase/spider/kernel/Spider_API/TestCase/spider/knowledge/test_knowledge_emergencyPlanManager.py,test_knowledge_emergencyPlanManager.py,active
https://10.1.6.58:8443/svn/TestCenter/trunk/10testCase/spider/kernel/Spider_API/TestCase/spider/knowledge/test_coldSourceEarlyGetDetail.py,test_coldSourceEarlyGetDetail.py,active
https://10.1.6.58:8443/svn/TestCenter/trunk/10testCase/spider/kernel/Spider_API/TestCase/spider/knowledge/test_airConditionGetRoomMonthlyReportData.py,test_airConditionGetRoomMonthlyReportData.py,active
https://10.1.6.58:8443/svn/TestCenter/trunk/10testCase/spider/kernel/Spider_API/TestCase/spider/knowledge/test_airCondition.py,test_airCondition.py,active
https://10.1.6.58:8443/svn/TestCenter/trunk/10testCase/spider/kernel/Spider_API/TestCase/spider/knowledge/test_Knowledge_shareAlarmReason.py,test_Knowledge_shareAlarmReason.py,active
https://10.1.6.58:8443/svn/TestCenter/trunk/10testCase/spider/kernel/Spider_API/TestCase/spider/knowledge/test_Knowledge_emergencyDrilling.py,test_Knowledge_emergencyDrilling.py,active
https://10.1.6.58:8443/svn/TestCenter/trunk/10testCase/spider/kernel/Spider_API/TestCase/spider/knowledge/conftest.py,conftest.py,active
https://10.1.6.58:8443/svn/TestCenter/trunk/10testCase/spider/kernel/Spider_API/TestCase/spider/knowledge/__init__.py,__init__.py,active
https://10.1.6.58:8443/svn/TestCenter/trunk/10testCase/spider/kernel/Spider_API/TestCase/spider/homepage/test_homepage_getTotalMessage.py,test_homepage_getTotalMessage.py,active
https://10.1.6.58:8443/svn/TestCenter/trunk/10testCase/spider/kernel/Spider_API/TestCase/spider/homepage/test_homepage_getImportAlertCountInArea.py,test_homepage_getImportAlertCountInArea.py,active
https://10.1.6.58:8443/svn/TestCenter/trunk/10testCase/spider/kernel/Spider_API/TestCase/spider/homepage/test_homepage_countImportAlerts.py,test_homepage_countImportAlerts.py,active
https://10.1.6.58:8443/svn/TestCenter/trunk/10testCase/spider/kernel/Spider_API/TestCase/spider/homepage/test_homepage_countCapacity.py,test_homepage_countCapacity.py,active
https://10.1.6.58:8443/svn/TestCenter/trunk/10testCase/spider/kernel/Spider_API/TestCase/spider/homepage/__init__.py,__init__.py,active
https://10.1.6.58:8443/svn/TestCenter/trunk/10testCase/spider/kernel/Spider_API/TestCase/spider/health/test_health_thunderReport.py,test_health_thunderReport.py,active
https://10.1.6.58:8443/svn/TestCenter/trunk/10testCase/spider/kernel/Spider_API/TestCase/spider/health/test_health_lightningManage.py,test_health_lightningManage.py,active
https://10.1.6.58:8443/svn/TestCenter/trunk/10testCase/spider/kernel/Spider_API/TestCase/spider/health/test_health_cityPowerCut.py,test_health_cityPowerCut.py,active
https://10.1.6.58:8443/svn/TestCenter/trunk/10testCase/spider/kernel/Spider_API/TestCase/spider/health/test_availabilityManage_getPowerCutAlertDetail.py,test_availabilityManage_getPowerCutAlertDetail.py,active
https://10.1.6.58:8443/svn/TestCenter/trunk/10testCase/spider/kernel/Spider_API/TestCase/spider/health/test_availabilityManage_getCityEleAvailability.py,test_availabilityManage_getCityEleAvailability.py,active
https://10.1.6.58:8443/svn/TestCenter/trunk/10testCase/spider/kernel/Spider_API/TestCase/spider/health/test_availabilityManage_exportPowerCutAlertDetail.py,test_availabilityManage_exportPowerCutAlertDetail.py,active
https://10.1.6.58:8443/svn/TestCenter/trunk/10testCase/spider/kernel/Spider_API/TestCase/spider/health/test_availabilityManage_exportCityEleAvailability.py,test_availabilityManage_exportCityEleAvailability.py,active
https://10.1.6.58:8443/svn/TestCenter/trunk/10testCase/spider/kernel/Spider_API/TestCase/spider/health/test_availabilityManage_PowerCutRemarkInfo.py,test_availabilityManage_PowerCutRemarkInfo.py,active
https://10.1.6.58:8443/svn/TestCenter/trunk/10testCase/spider/kernel/Spider_API/TestCase/spider/health/conftest.py,conftest.py,active
https://10.1.6.58:8443/svn/TestCenter/trunk/10testCase/spider/kernel/Spider_API/TestCase/spider/health/__init__.py,__init__.py,active
https://10.1.6.58:8443/svn/TestCenter/trunk/10testCase/spider/kernel/Spider_API/TestCase/spider/greenenergy/test_greenenergy.py,test_greenenergy.py,active
https://10.1.6.58:8443/svn/TestCenter/trunk/10testCase/spider/kernel/Spider_API/TestCase/spider/greenenergy/test_energySystemReport.py,test_energySystemReport.py,active
https://10.1.6.58:8443/svn/TestCenter/trunk/10testCase/spider/kernel/Spider_API/TestCase/spider/greenenergy/test_energyItemReport.py,test_energyItemReport.py,active
https://10.1.6.58:8443/svn/TestCenter/trunk/10testCase/spider/kernel/Spider_API/TestCase/spider/greenenergy/test_energyGreenElectricity.py,test_energyGreenElectricity.py,active
https://10.1.6.58:8443/svn/TestCenter/trunk/10testCase/spider/kernel/Spider_API/TestCase/spider/greenenergy/test_energyConfigItem.py,test_energyConfigItem.py,active
https://10.1.6.58:8443/svn/TestCenter/trunk/10testCase/spider/kernel/Spider_API/TestCase/spider/external/test_external_netBrain.py,test_external_netBrain.py,active
https://10.1.6.58:8443/svn/TestCenter/trunk/10testCase/spider/kernel/Spider_API/TestCase/spider/external/test_external_apiFiling.py,test_external_apiFiling.py,active
https://10.1.6.58:8443/svn/TestCenter/trunk/10testCase/spider/kernel/Spider_API/TestCase/spider/external/conftest.py,conftest.py,active
https://10.1.6.58:8443/svn/TestCenter/trunk/10testCase/spider/kernel/Spider_API/TestCase/spider/external/__init__.py,__init__.py,active
https://10.1.6.58:8443/svn/TestCenter/trunk/10testCase/spider/kernel/Spider_API/TestCase/spider/energy/test_stationTree.py,test_stationTree.py,active
https://10.1.6.58:8443/svn/TestCenter/trunk/10testCase/spider/kernel/Spider_API/TestCase/spider/energy/test_queryTrend.py,test_queryTrend.py,active
https://10.1.6.58:8443/svn/TestCenter/trunk/10testCase/spider/kernel/Spider_API/TestCase/spider/energy/test_querySubItemRate.py,test_querySubItemRate.py,active
https://10.1.6.58:8443/svn/TestCenter/trunk/10testCase/spider/kernel/Spider_API/TestCase/spider/energy/test_queryPueTrend.py,test_queryPueTrend.py,active
https://10.1.6.58:8443/svn/TestCenter/trunk/10testCase/spider/kernel/Spider_API/TestCase/spider/energy/test_queryPueTop.py,test_queryPueTop.py,active
https://10.1.6.58:8443/svn/TestCenter/trunk/10testCase/spider/kernel/Spider_API/TestCase/spider/energy/test_queryDistribution.py,test_queryDistribution.py,active
https://10.1.6.58:8443/svn/TestCenter/trunk/10testCase/spider/kernel/Spider_API/TestCase/spider/energy/test_queryBuildingUseDetail.py,test_queryBuildingUseDetail.py,active
https://10.1.6.58:8443/svn/TestCenter/trunk/10testCase/spider/kernel/Spider_API/TestCase/spider/energy/test_queryBuildingPue.py,test_queryBuildingPue.py,active
https://10.1.6.58:8443/svn/TestCenter/trunk/10testCase/spider/kernel/Spider_API/TestCase/spider/energy/test_pageMeteList.py,test_pageMeteList.py,active
https://10.1.6.58:8443/svn/TestCenter/trunk/10testCase/spider/kernel/Spider_API/TestCase/spider/energy/test_getMeteTypeList.py,test_getMeteTypeList.py,active
https://10.1.6.58:8443/svn/TestCenter/trunk/10testCase/spider/kernel/Spider_API/TestCase/spider/energy/test_getEleVerifyList.py,test_getEleVerifyList.py,active
https://10.1.6.58:8443/svn/TestCenter/trunk/10testCase/spider/kernel/Spider_API/TestCase/spider/energy/test_getDicsByColNamesForenergy.py,test_getDicsByColNamesForenergy.py,active
https://10.1.6.58:8443/svn/TestCenter/trunk/10testCase/spider/kernel/Spider_API/TestCase/spider/energy/test_getDevcieTypeList.py,test_getDevcieTypeList.py,active
https://10.1.6.58:8443/svn/TestCenter/trunk/10testCase/spider/kernel/Spider_API/TestCase/spider/energy/test_energysx_EnergyStandingBook.py,test_energysx_EnergyStandingBook.py,active
https://10.1.6.58:8443/svn/TestCenter/trunk/10testCase/spider/kernel/Spider_API/TestCase/spider/energy/test_energy_report_getSiteEnergyData.py,test_energy_report_getSiteEnergyData.py,active
https://10.1.6.58:8443/svn/TestCenter/trunk/10testCase/spider/kernel/Spider_API/TestCase/spider/energy/test_energy_queryProgressOfEnergyAccess.py,test_energy_queryProgressOfEnergyAccess.py,active
https://10.1.6.58:8443/svn/TestCenter/trunk/10testCase/spider/kernel/Spider_API/TestCase/spider/energy/test_energy_queryEnergyDetailList.py,test_energy_queryEnergyDetailList.py,active
https://10.1.6.58:8443/svn/TestCenter/trunk/10testCase/spider/kernel/Spider_API/TestCase/spider/energy/test_energy_queryEnergyCabinetReport.py,test_energy_queryEnergyCabinetReport.py,active
https://10.1.6.58:8443/svn/TestCenter/trunk/10testCase/spider/kernel/Spider_API/TestCase/spider/energy/test_energy_pueclosedloop.py,test_energy_pueclosedloop.py,active
https://10.1.6.58:8443/svn/TestCenter/trunk/10testCase/spider/kernel/Spider_API/TestCase/spider/energy/test_energy_park_electricity.py,test_energy_park_electricity.py,active
https://10.1.6.58:8443/svn/TestCenter/trunk/10testCase/spider/kernel/Spider_API/TestCase/spider/energy/test_energy_getSiteEnergyData.py,test_energy_getSiteEnergyData.py,active
https://10.1.6.58:8443/svn/TestCenter/trunk/10testCase/spider/kernel/Spider_API/TestCase/spider/energy/test_energy_getAllBuildingInfo.py,test_energy_getAllBuildingInfo.py,active
https://10.1.6.58:8443/svn/TestCenter/trunk/10testCase/spider/kernel/Spider_API/TestCase/spider/energy/test_energy_exprotAllStationConfig.py,test_energy_exprotAllStationConfig.py,active
https://10.1.6.58:8443/svn/TestCenter/trunk/10testCase/spider/kernel/Spider_API/TestCase/spider/energy/test_energy_exportEnergyDetailList.py,test_energy_exportEnergyDetailList.py,active
https://10.1.6.58:8443/svn/TestCenter/trunk/10testCase/spider/kernel/Spider_API/TestCase/spider/energy/test_energy_energySelfInspectionAcceptance.py,test_energy_energySelfInspectionAcceptance.py,active
https://10.1.6.58:8443/svn/TestCenter/trunk/10testCase/spider/kernel/Spider_API/TestCase/spider/energy/test_energy_energySaveElectricitySupervision.py,test_energy_energySaveElectricitySupervision.py,active
https://10.1.6.58:8443/svn/TestCenter/trunk/10testCase/spider/kernel/Spider_API/TestCase/spider/energy/test_energy_energyItemReport.py,test_energy_energyItemReport.py,active
https://10.1.6.58:8443/svn/TestCenter/trunk/10testCase/spider/kernel/Spider_API/TestCase/spider/energy/test_energy_energyExpenseAudit.py,test_energy_energyExpenseAudit.py,active
https://10.1.6.58:8443/svn/TestCenter/trunk/10testCase/spider/kernel/Spider_API/TestCase/spider/energy/test_energy_energyDedicatedAnalysis.py,test_energy_energyDedicatedAnalysis.py,active
https://10.1.6.58:8443/svn/TestCenter/trunk/10testCase/spider/kernel/Spider_API/TestCase/spider/energy/test_energy_energyControl.py,test_energy_energyControl.py,active
https://10.1.6.58:8443/svn/TestCenter/trunk/10testCase/spider/kernel/Spider_API/TestCase/spider/energy/test_energy_energyConservationOperation.py,test_energy_energyConservationOperation.py,active
https://10.1.6.58:8443/svn/TestCenter/trunk/10testCase/spider/kernel/Spider_API/TestCase/spider/energy/test_energy_energyConcervation.py,test_energy_energyConcervation.py,active
https://10.1.6.58:8443/svn/TestCenter/trunk/10testCase/spider/kernel/Spider_API/TestCase/spider/energy/test_energy_energyBrand.py,test_energy_energyBrand.py,active
https://10.1.6.58:8443/svn/TestCenter/trunk/10testCase/spider/kernel/Spider_API/TestCase/spider/energy/test_energy_energyAutomatedAnalysis.py,test_energy_energyAutomatedAnalysis.py,active
https://10.1.6.58:8443/svn/TestCenter/trunk/10testCase/spider/kernel/Spider_API/TestCase/spider/energy/test_energy_eleConsumeRelate_getStationConfigExport.py,test_energy_eleConsumeRelate_getStationConfigExport.py,active
https://10.1.6.58:8443/svn/TestCenter/trunk/10testCase/spider/kernel/Spider_API/TestCase/spider/energy/test_energy_eleConsumeRelate_getStationConfig.py,test_energy_eleConsumeRelate_getStationConfig.py,active
https://10.1.6.58:8443/svn/TestCenter/trunk/10testCase/spider/kernel/Spider_API/TestCase/spider/energy/test_energy_PueTop.py,test_energy_PueTop.py,active
https://10.1.6.58:8443/svn/TestCenter/trunk/10testCase/spider/kernel/Spider_API/TestCase/spider/energy/test_energy_PueReach.py,test_energy_PueReach.py,active
https://10.1.6.58:8443/svn/TestCenter/trunk/10testCase/spider/kernel/Spider_API/TestCase/spider/energy/test_energy_PueBackward.py,test_energy_PueBackward.py,active
https://10.1.6.58:8443/svn/TestCenter/trunk/10testCase/spider/kernel/Spider_API/TestCase/spider/energy/test_energy_Hashrate.py,test_energy_Hashrate.py,active
https://10.1.6.58:8443/svn/TestCenter/trunk/10testCase/spider/kernel/Spider_API/TestCase/spider/energy/test_energy_EnergyEffectTimeConfigInfo.py,test_energy_EnergyEffectTimeConfigInfo.py,active
https://10.1.6.58:8443/svn/TestCenter/trunk/10testCase/spider/kernel/Spider_API/TestCase/spider/energy/test_energy_EnergyAudit.py,test_energy_EnergyAudit.py,active
https://10.1.6.58:8443/svn/TestCenter/trunk/10testCase/spider/kernel/Spider_API/TestCase/spider/energy/test_energy_ElectricDetailData.py,test_energy_ElectricDetailData.py,active
https://10.1.6.58:8443/svn/TestCenter/trunk/10testCase/spider/kernel/Spider_API/TestCase/spider/energy/test_energy_Eleconfig.py,test_energy_Eleconfig.py,active
https://10.1.6.58:8443/svn/TestCenter/trunk/10testCase/spider/kernel/Spider_API/TestCase/spider/energy/test_energy_BillList.py,test_energy_BillList.py,active
https://10.1.6.58:8443/svn/TestCenter/trunk/10testCase/spider/kernel/Spider_API/TestCase/spider/energy/test_energyReport.py,test_energyReport.py,active
https://10.1.6.58:8443/svn/TestCenter/trunk/10testCase/spider/kernel/Spider_API/TestCase/spider/energy/test_energyMachine.py,test_energyMachine.py,active
https://10.1.6.58:8443/svn/TestCenter/trunk/10testCase/spider/kernel/Spider_API/TestCase/spider/energy/test_airConditionEnergySaving.py,test_airConditionEnergySaving.py,active
https://10.1.6.58:8443/svn/TestCenter/trunk/10testCase/spider/kernel/Spider_API/TestCase/spider/energy/conftest.py,conftest.py,active
https://10.1.6.58:8443/svn/TestCenter/trunk/10testCase/spider/kernel/Spider_API/TestCase/spider/energy/__init__.py,__init__.py,active
https://10.1.6.58:8443/svn/TestCenter/trunk/10testCase/spider/kernel/Spider_API/TestCase/spider/device/test_device_energyUpsEfficiency.py,test_device_energyUpsEfficiency.py,active
https://10.1.6.58:8443/svn/TestCenter/trunk/10testCase/spider/kernel/Spider_API/TestCase/spider/device/test_device_batteryConfig.py,test_device_batteryConfig.py,active
https://10.1.6.58:8443/svn/TestCenter/trunk/10testCase/spider/kernel/Spider_API/TestCase/spider/currentmonitor/test_chillerUnit.py,test_chillerUnit.py,active
https://10.1.6.58:8443/svn/TestCenter/trunk/10testCase/spider/kernel/Spider_API/TestCase/spider/configs/test_notify.py,test_notify.py,active
https://10.1.6.58:8443/svn/TestCenter/trunk/10testCase/spider/kernel/Spider_API/TestCase/spider/configs/test_meteCoefficient.py,test_meteCoefficient.py,active
https://10.1.6.58:8443/svn/TestCenter/trunk/10testCase/spider/kernel/Spider_API/TestCase/spider/configs/test_getEnableStatus.py,test_getEnableStatus.py,active
https://10.1.6.58:8443/svn/TestCenter/trunk/10testCase/spider/kernel/Spider_API/TestCase/spider/configs/test_energyCabinet_sx.py,test_energyCabinet_sx.py,active
https://10.1.6.58:8443/svn/TestCenter/trunk/10testCase/spider/kernel/Spider_API/TestCase/spider/configs/test_energyCabinet.py,test_energyCabinet.py,active
https://10.1.6.58:8443/svn/TestCenter/trunk/10testCase/spider/kernel/Spider_API/TestCase/spider/configs/test_configManagement_siteManage.py,test_configManagement_siteManage.py,active
https://10.1.6.58:8443/svn/TestCenter/trunk/10testCase/spider/kernel/Spider_API/TestCase/spider/configs/test_coldSource.py,test_coldSource.py,active
https://10.1.6.58:8443/svn/TestCenter/trunk/10testCase/spider/kernel/Spider_API/TestCase/spider/configs/test_cityEleDirectSupply_addDevice.py,test_cityEleDirectSupply_addDevice.py,active
https://10.1.6.58:8443/svn/TestCenter/trunk/10testCase/spider/kernel/Spider_API/TestCase/spider/configs/conftest.py,conftest.py,active
https://10.1.6.58:8443/svn/TestCenter/trunk/10testCase/spider/kernel/Spider_API/TestCase/spider/configs/__init__.py,__init__.py,active
https://10.1.6.58:8443/svn/TestCenter/trunk/10testCase/spider/kernel/Spider_API/TestCase/spider/capacity/test_load_summary_report.py,test_load_summary_report.py,active
https://10.1.6.58:8443/svn/TestCenter/trunk/10testCase/spider/kernel/Spider_API/TestCase/spider/capacity/test_editPowerSystemInfo.py,test_editPowerSystemInfo.py,active
https://10.1.6.58:8443/svn/TestCenter/trunk/10testCase/spider/kernel/Spider_API/TestCase/spider/capacity/test_capacity_transformer.py,test_capacity_transformer.py,active
https://10.1.6.58:8443/svn/TestCenter/trunk/10testCase/spider/kernel/Spider_API/TestCase/spider/capacity/test_capacity_gyzl.py,test_capacity_gyzl.py,active
https://10.1.6.58:8443/svn/TestCenter/trunk/10testCase/spider/kernel/Spider_API/TestCase/spider/capacity/__init__.py,__init__.py,active
https://10.1.6.58:8443/svn/TestCenter/trunk/10testCase/spider/kernel/Spider_API/TestCase/spider/bulletin/test_bulletin.py,test_bulletin.py,active
https://10.1.6.58:8443/svn/TestCenter/trunk/10testCase/spider/kernel/Spider_API/TestCase/spider/bulletin/__init__.py,__init__.py,active
https://10.1.6.58:8443/svn/TestCenter/trunk/10testCase/spider/kernel/Spider_API/TestCase/spider/battery/test_batterySingleVoltageAnalysis.py,test_batterySingleVoltageAnalysis.py,active
https://10.1.6.58:8443/svn/TestCenter/trunk/10testCase/spider/kernel/Spider_API/TestCase/spider/alert/test_user_pageList.py,test_user_pageList.py,active
https://10.1.6.58:8443/svn/TestCenter/trunk/10testCase/spider/kernel/Spider_API/TestCase/spider/alert/test_alert_testplan.py,test_alert_testplan.py,active
https://10.1.6.58:8443/svn/TestCenter/trunk/10testCase/spider/kernel/Spider_API/TestCase/spider/alert/test_alertNotify_message_updateMessageDetail.py,test_alertNotify_message_updateMessageDetail.py,active
https://10.1.6.58:8443/svn/TestCenter/trunk/10testCase/spider/kernel/Spider_API/TestCase/spider/alert/test_alertNotify_message_setSendThreshold.py,test_alertNotify_message_setSendThreshold.py,active
https://10.1.6.58:8443/svn/TestCenter/trunk/10testCase/spider/kernel/Spider_API/TestCase/spider/alert/test_alertNotify_message_sendMessageTest.py,test_alertNotify_message_sendMessageTest.py,active
https://10.1.6.58:8443/svn/TestCenter/trunk/10testCase/spider/kernel/Spider_API/TestCase/spider/alert/test_alertNotify_message_saveMessageContentAndSwitch.py,test_alertNotify_message_saveMessageContentAndSwitch.py,active
https://10.1.6.58:8443/svn/TestCenter/trunk/10testCase/spider/kernel/Spider_API/TestCase/spider/alert/test_alertNotify_message_saveGateWayConfig.py,test_alertNotify_message_saveGateWayConfig.py,active
https://10.1.6.58:8443/svn/TestCenter/trunk/10testCase/spider/kernel/Spider_API/TestCase/spider/alert/test_alertNotify_message_getWaitMessage.py,test_alertNotify_message_getWaitMessage.py,active
https://10.1.6.58:8443/svn/TestCenter/trunk/10testCase/spider/kernel/Spider_API/TestCase/spider/alert/test_alertNotify_message_getSendReceiver.py,test_alertNotify_message_getSendReceiver.py,active
https://10.1.6.58:8443/svn/TestCenter/trunk/10testCase/spider/kernel/Spider_API/TestCase/spider/alert/test_alertNotify_message_getSendMessageListExport.py,test_alertNotify_message_getSendMessageListExport.py,active
https://10.1.6.58:8443/svn/TestCenter/trunk/10testCase/spider/kernel/Spider_API/TestCase/spider/alert/test_alertNotify_message_getSendMessageList.py,test_alertNotify_message_getSendMessageList.py,active
https://10.1.6.58:8443/svn/TestCenter/trunk/10testCase/spider/kernel/Spider_API/TestCase/spider/alert/test_alertNotify_message_getMessageDetailList.py,test_alertNotify_message_getMessageDetailList.py,active
https://10.1.6.58:8443/svn/TestCenter/trunk/10testCase/spider/kernel/Spider_API/TestCase/spider/alert/test_alertNotify_message_getMessageDetailConfig.py,test_alertNotify_message_getMessageDetailConfig.py,active
https://10.1.6.58:8443/svn/TestCenter/trunk/10testCase/spider/kernel/Spider_API/TestCase/spider/alert/test_alertNotify_message_getDefaultConfig.py,test_alertNotify_message_getDefaultConfig.py,active
https://10.1.6.58:8443/svn/TestCenter/trunk/10testCase/spider/kernel/Spider_API/TestCase/spider/alert/test_alertNotify_message_delMessageDetailConfig.py,test_alertNotify_message_delMessageDetailConfig.py,active
https://10.1.6.58:8443/svn/TestCenter/trunk/10testCase/spider/kernel/Spider_API/TestCase/spider/alert/test_alertNotify_message_clearWaitMessage.py,test_alertNotify_message_clearWaitMessage.py,active
https://10.1.6.58:8443/svn/TestCenter/trunk/10testCase/spider/kernel/Spider_API/TestCase/spider/alert/conftest.py,conftest.py,active
https://10.1.6.58:8443/svn/TestCenter/trunk/10testCase/spider/kernel/Spider_API/TestCase/spider/alert/__init__.py,__init__.py,active
https://10.1.6.58:8443/svn/TestCenter/trunk/10testCase/spider/kernel/Spider_API/TestCase/spider/report/test_reportAlert.py,test_reportAlert.py,active
https://10.1.6.58:8443/svn/TestCenter/trunk/10testCase/spider/kernel/Spider_API/TestCase/spider/report/test_Report_monthlyreport.py,test_Report_monthlyreport.py,active
https://10.1.6.58:8443/svn/TestCenter/trunk/10testCase/spider/kernel/Spider_API/TestCase/spider/report/test_Report_monthlyReportCheck.py,test_Report_monthlyReportCheck.py,active
https://10.1.6.58:8443/svn/TestCenter/trunk/10testCase/spider/kernel/Spider_API/TestCase/spider/report/test_report_zzData.py,test_report_zzData.py,active
https://10.1.6.58:8443/svn/TestCenter/trunk/10testCase/spider/kernel/Spider_API/TestCase/spider/greenenergy/test_airConditionAi.py,test_airConditionAi.py,active
https://10.1.6.58:8443/svn/TestCenter/trunk/10testCase/spider/kernel/Spider_API/testdata/spider/v1_temperatureReport_getTemperatureReportData02.xlsx,v1_temperatureReport_getTemperatureReportData02.xlsx,active
https://10.1.6.58:8443/svn/TestCenter/trunk/10testCase/spider/kernel/Spider_API/TestEnv.py,TestEnv.py,active
https://10.1.6.58:8443/svn/TestCenter/trunk/10testCase/spider/kernel/Spider_API/testdata/spider/v1_temperatureReport_getTemperatureReportData01.xlsx,v1_temperatureReport_getTemperatureReportData01.xlsx,active
https://10.1.6.58:8443/svn/TestCenter/trunk/10testCase/spider/kernel/Spider_API/testdata/spider/v1_temperatureReport_getEnergyControlTemperatureData.xlsx,v1_temperatureReport_getEnergyControlTemperatureData.xlsx,active
https://10.1.6.58:8443/svn/TestCenter/trunk/10testCase/spider/kernel/Spider_API/TestCase/spider/knowledge/test_temperature04_getEnergyControlTemperatureData.py,test_temperature04_getEnergyControlTemperatureData.py,active
https://10.1.6.58:8443/svn/TestCenter/trunk/10testCase/spider/kernel/Spider_API/TestCase/spider/knowledge/test_temperature02_getTemperatureReportData.py,test_temperature02_getTemperatureReportData.py,active
https://10.1.6.58:8443/svn/TestCenter/trunk/10testCase/spider/kernel/Spider_API/TestCase/spider/knowledge/test_temperature01_temperatureReport.py,test_temperature01_temperatureReport.py,active
https://10.1.6.58:8443/svn/TestCenter/trunk/10testCase/spider/kernel/Spider_API/testdata/guangxi/v1_resourceManage_applicationProcess_ip_query.xlsx,v1_resourceManage_applicationProcess_ip_query.xlsx,active
